,condition,probability_from_H,probability_from_NH
0,재미,0.5099307082377617,0.4518633773271601
1,감동,0.4418385566738786,0.4684067896103581
2,욕,0.48886902899949003,0.5737536659156668
